document_id,identity_id,document_type,name,dob,father_name,is_tampered,tamper_type,source_document_id
DOC001,ID001,aadhaar,Rahul Sharma,2003-05-14,Rajesh Sharma,false,none,
DOC002,ID001,pan,Rahul Sharma,2003-05-14,Rajesh Sharma,false,none,
DOC003,ID001,birth_certificate,Rahul Sharma,2003-05-14,Rajesh Sharma,false,none,
DOC004,ID001,school_certificate,Rahul Sharma,2003-05-14,Rajesh Sharma,false,none,
DOC005,ID002,aadhaar,Priya Verma,2002-11-21,Suresh Verma,false,none,
DOC006,ID002,pan,Priya Verma,2002-11-21,Suresh Verma,false,none,
DOC007,ID002,birth_certificate,Priya Verma,2002-11-21,Suresh Verma,false,none,
DOC008,ID002,school_certificate,Priya Verma,2002-11-21,Suresh Verma,false,none,
DOC009,ID003,aadhaar,Amit Kumar,2003-07-19,Ramesh Kumar,false,none,
DOC010,ID003,pan,Amit Kumar,2003-07-19,Ramesh Kumar,false,none,
DOC011,ID003,birth_certificate,Amit Kumar,2003-07-19,Ramesh Kumar,false,none,
DOC012,ID003,school_certificate,Amit Kumar,2003-07-19,Ramesh Kumar,false,none,
DOC013,ID004,aadhaar,Neha Singh,2002-03-12,Mahesh Singh,false,none,
DOC014,ID004,pan,Neha Singh,2002-03-12,Mahesh Singh,false,none,
DOC015,ID004,birth_certificate,Neha Singh,2002-03-12,Mahesh Singh,false,none,
DOC016,ID004,school_certificate,Neha Singh,2002-03-12,Mahesh Singh,false,none,
DOC017,ID005,aadhaar,Vikas Gupta,2003-09-25,Anil Gupta,false,none,
DOC018,ID005,pan,Vikas Gupta,2003-09-25,Anil Gupta,false,none,
DOC019,ID005,birth_certificate,Vikas Gupta,2003-09-25,Anil Gupta,false,none,
DOC020,ID005,school_certificate,Vikas Gupta,2003-09-25,Anil Gupta,false,none,
DOC021,ID006,aadhaar,Ananya Patel,2002-12-08,Manoj Patel,false,none,
DOC022,ID006,pan,Ananya Patel,2002-12-08,Manoj Patel,false,none,
DOC023,ID006,birth_certificate,Ananya Patel,2002-12-08,Manoj Patel,false,none,
DOC024,ID006,school_certificate,Ananya Patel,2002-12-08,Manoj Patel,false,none,
DOC025,ID007,aadhaar,Rohan Yadav,2003-02-17,Sunil Yadav,false,none,
DOC026,ID007,pan,Rohan Yadav,2003-02-17,Sunil Yadav,false,none,
DOC027,ID007,birth_certificate,Rohan Yadav,2003-02-17,Sunil Yadav,false,none,
DOC028,ID007,school_certificate,Rohan Yadav,2003-02-17,Sunil Yadav,false,none,
DOC029,ID008,aadhaar,Sneha Mishra,2002-08-30,Deepak Mishra,false,none,
DOC030,ID008,pan,Sneha Mishra,2002-08-30,Deepak Mishra,false,none,
DOC031,ID008,birth_certificate,Sneha Mishra,2002-08-30,Deepak Mishra,false,none,
DOC032,ID008,school_certificate,Sneha Mishra,2002-08-30,Deepak Mishra,false,none,
DOC033,ID009,aadhaar,Arjun Mehta,2003-06-11,Prakash Mehta,false,none,
DOC034,ID009,pan,Arjun Mehta,2003-06-11,Prakash Mehta,false,none,
DOC035,ID009,birth_certificate,Arjun Mehta,2003-06-11,Prakash Mehta,false,none,
DOC036,ID009,school_certificate,Arjun Mehta,2003-06-11,Prakash Mehta,false,none,
DOC037,ID010,aadhaar,Kavya Sharma,2002-10-05,Ashok Sharma,false,none,
DOC038,ID010,pan,Kavya Sharma,2002-10-05,Ashok Sharma,false,none,
DOC039,ID010,birth_certificate,Kavya Sharma,2002-10-05,Ashok Sharma,false,none,
DOC040,ID010,school_certificate,Kavya Sharma,2002-10-05,Ashok Sharma,false,none,
DOC041,ID001,aadhaar,Rahul Sharma,2002-05-14,Rajesh Sharma,true,dob_change,DOC001
DOC042,ID002,pan,Priya Verma,2003-11-21,Suresh Verma,true,dob_change,DOC006
DOC043,ID003,birth_certificate,Amit Kumar,2001-07-19,Ramesh Kumar,true,dob_change,DOC011
DOC044,ID004,school_certificate,Neha Singh,2004-03-12,Mahesh Singh,true,dob_change,DOC016
DOC045,ID005,aadhaar,Kavya Verma,2003-09-25,Anil Gupta,true,name_change,DOC017
DOC046,ID006,pan,Rahul Verma,2002-12-08,Manoj Patel,true,name_change,DOC022
DOC047,ID007,birth_certificate,Priya Gupta,2003-02-17,Sunil Yadav,true,name_change,DOC027
DOC048,ID008,aadhaar,Sneha Mishra,2002-08-30,Deepak Mishra,true,photo_change,DOC029
DOC049,ID009,pan,Arjun Mehta,2003-06-11,Prakash Mehta,true,photo_change,DOC034
DOC050,ID010,aadhaar,Kavya Sharma,2002-10-05,Ashok Sharma,true,photo_change,DOC037
